subject,predicate,object,source_url,sentence
Luis Walter Alvarez,bear,"June 13, 1911",https://www.famousscientists.org/luis-alvarez/,"Luis Walter Alvarez was born on June 13, 1911, in San Francisco, California."
Luis Walter Alvarez,bear,San Francisco,https://www.famousscientists.org/luis-alvarez/,"Luis Walter Alvarez was born on June 13, 1911, in San Francisco, California."
Luis Walter Alvarez,bear,California,https://www.famousscientists.org/luis-alvarez/,"Luis Walter Alvarez was born on June 13, 1911, in San Francisco, California."
"June 13, 1911",bear,San Francisco,https://www.famousscientists.org/luis-alvarez/,"Luis Walter Alvarez was born on June 13, 1911, in San Francisco, California."
"June 13, 1911",bear,California,https://www.famousscientists.org/luis-alvarez/,"Luis Walter Alvarez was born on June 13, 1911, in San Francisco, California."
San Francisco,bear,California,https://www.famousscientists.org/luis-alvarez/,"Luis Walter Alvarez was born on June 13, 1911, in San Francisco, California."
Luis,begin,San Francisco,https://www.famousscientists.org/luis-alvarez/,"Luis began his education in San Francisco, first at Madison School, then at San Francisco Polytechnic High School."
Luis,begin,Madison School,https://www.famousscientists.org/luis-alvarez/,"Luis began his education in San Francisco, first at Madison School, then at San Francisco Polytechnic High School."
Luis,begin,Polytechnic High School,https://www.famousscientists.org/luis-alvarez/,"Luis began his education in San Francisco, first at Madison School, then at San Francisco Polytechnic High School."
San Francisco,begin,Madison School,https://www.famousscientists.org/luis-alvarez/,"Luis began his education in San Francisco, first at Madison School, then at San Francisco Polytechnic High School."
San Francisco,begin,Polytechnic High School,https://www.famousscientists.org/luis-alvarez/,"Luis began his education in San Francisco, first at Madison School, then at San Francisco Polytechnic High School."
Madison School,begin,San Francisco,https://www.famousscientists.org/luis-alvarez/,"Luis began his education in San Francisco, first at Madison School, then at San Francisco Polytechnic High School."
Madison School,begin,Polytechnic High School,https://www.famousscientists.org/luis-alvarez/,"Luis began his education in San Francisco, first at Madison School, then at San Francisco Polytechnic High School."
1926,change,15,https://www.famousscientists.org/luis-alvarez/,"In 1926, when he was 15, his father changed jobs and the family moved to Rochester, Minnesota."
1926,change,Rochester,https://www.famousscientists.org/luis-alvarez/,"In 1926, when he was 15, his father changed jobs and the family moved to Rochester, Minnesota."
1926,change,Minnesota,https://www.famousscientists.org/luis-alvarez/,"In 1926, when he was 15, his father changed jobs and the family moved to Rochester, Minnesota."
15,change,Rochester,https://www.famousscientists.org/luis-alvarez/,"In 1926, when he was 15, his father changed jobs and the family moved to Rochester, Minnesota."
15,change,Minnesota,https://www.famousscientists.org/luis-alvarez/,"In 1926, when he was 15, his father changed jobs and the family moved to Rochester, Minnesota."
Rochester,change,Minnesota,https://www.famousscientists.org/luis-alvarez/,"In 1926, when he was 15, his father changed jobs and the family moved to Rochester, Minnesota."
Luis,graduate,Rochester High School,https://www.famousscientists.org/luis-alvarez/,"Luis graduated from Rochester High School, then started a Bachelor of Science course at the University of Chicago in 1928, intending to major in chemistry."
Luis,graduate,Bachelor of Science,https://www.famousscientists.org/luis-alvarez/,"Luis graduated from Rochester High School, then started a Bachelor of Science course at the University of Chicago in 1928, intending to major in chemistry."
Luis,graduate,the University of Chicago,https://www.famousscientists.org/luis-alvarez/,"Luis graduated from Rochester High School, then started a Bachelor of Science course at the University of Chicago in 1928, intending to major in chemistry."
Luis,graduate,1928,https://www.famousscientists.org/luis-alvarez/,"Luis graduated from Rochester High School, then started a Bachelor of Science course at the University of Chicago in 1928, intending to major in chemistry."
Rochester High School,graduate,Bachelor of Science,https://www.famousscientists.org/luis-alvarez/,"Luis graduated from Rochester High School, then started a Bachelor of Science course at the University of Chicago in 1928, intending to major in chemistry."
Rochester High School,graduate,the University of Chicago,https://www.famousscientists.org/luis-alvarez/,"Luis graduated from Rochester High School, then started a Bachelor of Science course at the University of Chicago in 1928, intending to major in chemistry."
Rochester High School,graduate,1928,https://www.famousscientists.org/luis-alvarez/,"Luis graduated from Rochester High School, then started a Bachelor of Science course at the University of Chicago in 1928, intending to major in chemistry."
Bachelor of Science,graduate,the University of Chicago,https://www.famousscientists.org/luis-alvarez/,"Luis graduated from Rochester High School, then started a Bachelor of Science course at the University of Chicago in 1928, intending to major in chemistry."
Bachelor of Science,graduate,1928,https://www.famousscientists.org/luis-alvarez/,"Luis graduated from Rochester High School, then started a Bachelor of Science course at the University of Chicago in 1928, intending to major in chemistry."
the University of Chicago,graduate,1928,https://www.famousscientists.org/luis-alvarez/,"Luis graduated from Rochester High School, then started a Bachelor of Science course at the University of Chicago in 1928, intending to major in chemistry."
1932,graduate,Chicago,https://www.famousscientists.org/luis-alvarez/,"He graduated with a B.S. in physics in 1932, then continued as a graduate student at Chicago, where he was awarded a master’s degree in 1934, and a Ph.D. in physics in 1936."
1932,graduate,1934,https://www.famousscientists.org/luis-alvarez/,"He graduated with a B.S. in physics in 1932, then continued as a graduate student at Chicago, where he was awarded a master’s degree in 1934, and a Ph.D. in physics in 1936."
1932,graduate,1936,https://www.famousscientists.org/luis-alvarez/,"He graduated with a B.S. in physics in 1932, then continued as a graduate student at Chicago, where he was awarded a master’s degree in 1934, and a Ph.D. in physics in 1936."
Chicago,graduate,1934,https://www.famousscientists.org/luis-alvarez/,"He graduated with a B.S. in physics in 1932, then continued as a graduate student at Chicago, where he was awarded a master’s degree in 1934, and a Ph.D. in physics in 1936."
Chicago,graduate,1936,https://www.famousscientists.org/luis-alvarez/,"He graduated with a B.S. in physics in 1932, then continued as a graduate student at Chicago, where he was awarded a master’s degree in 1934, and a Ph.D. in physics in 1936."
1934,graduate,1936,https://www.famousscientists.org/luis-alvarez/,"He graduated with a B.S. in physics in 1932, then continued as a graduate student at Chicago, where he was awarded a master’s degree in 1934, and a Ph.D. in physics in 1936."
1932,build,Alvarez,https://www.famousscientists.org/luis-alvarez/,"In 1932, Alvarez built an array of Geiger counters to study cosmic rays."
1932,build,Geiger,https://www.famousscientists.org/luis-alvarez/,"In 1932, Alvarez built an array of Geiger counters to study cosmic rays."
Alvarez,build,Geiger,https://www.famousscientists.org/luis-alvarez/,"In 1932, Alvarez built an array of Geiger counters to study cosmic rays."
1936,complete,Alvarez,https://www.famousscientists.org/luis-alvarez/,"After completing his Ph.D. in 1936, Alvarez returned to his home state, beginning work as an experimental physicist at the University of California’s Radiation Laboratory in Berkeley."
1936,complete,the University of California’s,https://www.famousscientists.org/luis-alvarez/,"After completing his Ph.D. in 1936, Alvarez returned to his home state, beginning work as an experimental physicist at the University of California’s Radiation Laboratory in Berkeley."
1936,complete,Radiation Laboratory,https://www.famousscientists.org/luis-alvarez/,"After completing his Ph.D. in 1936, Alvarez returned to his home state, beginning work as an experimental physicist at the University of California’s Radiation Laboratory in Berkeley."
1936,complete,Berkeley,https://www.famousscientists.org/luis-alvarez/,"After completing his Ph.D. in 1936, Alvarez returned to his home state, beginning work as an experimental physicist at the University of California’s Radiation Laboratory in Berkeley."
Alvarez,complete,the University of California’s,https://www.famousscientists.org/luis-alvarez/,"After completing his Ph.D. in 1936, Alvarez returned to his home state, beginning work as an experimental physicist at the University of California’s Radiation Laboratory in Berkeley."
Alvarez,complete,Radiation Laboratory,https://www.famousscientists.org/luis-alvarez/,"After completing his Ph.D. in 1936, Alvarez returned to his home state, beginning work as an experimental physicist at the University of California’s Radiation Laboratory in Berkeley."
Alvarez,complete,Berkeley,https://www.famousscientists.org/luis-alvarez/,"After completing his Ph.D. in 1936, Alvarez returned to his home state, beginning work as an experimental physicist at the University of California’s Radiation Laboratory in Berkeley."
the University of California’s,complete,Radiation Laboratory,https://www.famousscientists.org/luis-alvarez/,"After completing his Ph.D. in 1936, Alvarez returned to his home state, beginning work as an experimental physicist at the University of California’s Radiation Laboratory in Berkeley."
the University of California’s,complete,Berkeley,https://www.famousscientists.org/luis-alvarez/,"After completing his Ph.D. in 1936, Alvarez returned to his home state, beginning work as an experimental physicist at the University of California’s Radiation Laboratory in Berkeley."
Radiation Laboratory,complete,Berkeley,https://www.famousscientists.org/luis-alvarez/,"After completing his Ph.D. in 1936, Alvarez returned to his home state, beginning work as an experimental physicist at the University of California’s Radiation Laboratory in Berkeley."
1937,devise,Alvarez,https://www.famousscientists.org/luis-alvarez/,In 1937 Alvarez devised a new experiment to ask Mother Nature whether the process really happened.
1937,devise,Mother Nature,https://www.famousscientists.org/luis-alvarez/,In 1937 Alvarez devised a new experiment to ask Mother Nature whether the process really happened.
Alvarez,devise,Mother Nature,https://www.famousscientists.org/luis-alvarez/,In 1937 Alvarez devised a new experiment to ask Mother Nature whether the process really happened.
Alvarez,spend,Berkeley,https://www.famousscientists.org/luis-alvarez/,"The Cyclotron
Alvarez spent a lot of time at Berkeley working with the cyclotron (particle accelerator/atom smasher)."
Alvarez,improve,1933,https://www.famousscientists.org/luis-alvarez/,"Air Safety Improved by Ground-Controlled Approach
Alvarez was an enthusiastic pilot; he learned to fly in 1933."
1943,detect,Alvarez,https://www.famousscientists.org/luis-alvarez/,"Detecting Nuclear Weapons Projects
In 1943, during World War 2, Alvarez was asked if it would be possible to tell scientifically if Germany had its own atom bomb project."
1943,detect,Germany,https://www.famousscientists.org/luis-alvarez/,"Detecting Nuclear Weapons Projects
In 1943, during World War 2, Alvarez was asked if it would be possible to tell scientifically if Germany had its own atom bomb project."
Alvarez,detect,Germany,https://www.famousscientists.org/luis-alvarez/,"Detecting Nuclear Weapons Projects
In 1943, during World War 2, Alvarez was asked if it would be possible to tell scientifically if Germany had its own atom bomb project."
1944,arrive,Alvarez,https://www.famousscientists.org/luis-alvarez/,"In 1944, Alvarez arrived at Los Alamos, New Mexico, to work on the Manhattan Project."
1944,arrive,Los Alamos,https://www.famousscientists.org/luis-alvarez/,"In 1944, Alvarez arrived at Los Alamos, New Mexico, to work on the Manhattan Project."
1944,arrive,New Mexico,https://www.famousscientists.org/luis-alvarez/,"In 1944, Alvarez arrived at Los Alamos, New Mexico, to work on the Manhattan Project."
1944,arrive,the Manhattan Project,https://www.famousscientists.org/luis-alvarez/,"In 1944, Alvarez arrived at Los Alamos, New Mexico, to work on the Manhattan Project."
Alvarez,arrive,Los Alamos,https://www.famousscientists.org/luis-alvarez/,"In 1944, Alvarez arrived at Los Alamos, New Mexico, to work on the Manhattan Project."
Alvarez,arrive,New Mexico,https://www.famousscientists.org/luis-alvarez/,"In 1944, Alvarez arrived at Los Alamos, New Mexico, to work on the Manhattan Project."
Alvarez,arrive,the Manhattan Project,https://www.famousscientists.org/luis-alvarez/,"In 1944, Alvarez arrived at Los Alamos, New Mexico, to work on the Manhattan Project."
Los Alamos,arrive,New Mexico,https://www.famousscientists.org/luis-alvarez/,"In 1944, Alvarez arrived at Los Alamos, New Mexico, to work on the Manhattan Project."
Los Alamos,arrive,the Manhattan Project,https://www.famousscientists.org/luis-alvarez/,"In 1944, Alvarez arrived at Los Alamos, New Mexico, to work on the Manhattan Project."
New Mexico,arrive,the Manhattan Project,https://www.famousscientists.org/luis-alvarez/,"In 1944, Alvarez arrived at Los Alamos, New Mexico, to work on the Manhattan Project."
Luis Alvarez,move,Berkeley,https://www.famousscientists.org/luis-alvarez/,"The Hydrogen Bubble Chamber, Discovery of New Subatomic Particles and the Nobel Prize
When the war was over, Luis Alvarez moved back to Berkeley as a full professor."
1932,complete,the year,https://www.famousscientists.org/luis-alvarez/,"By 1932, the year he completed his degree, the horizons of particle physics had widened greatly with the discovery of two new particles: the neutron, discovered by James Chadwick; and the positron, discovered by Carl Anderson."
1932,complete,James Chadwick,https://www.famousscientists.org/luis-alvarez/,"By 1932, the year he completed his degree, the horizons of particle physics had widened greatly with the discovery of two new particles: the neutron, discovered by James Chadwick; and the positron, discovered by Carl Anderson."
1932,complete,Carl Anderson,https://www.famousscientists.org/luis-alvarez/,"By 1932, the year he completed his degree, the horizons of particle physics had widened greatly with the discovery of two new particles: the neutron, discovered by James Chadwick; and the positron, discovered by Carl Anderson."
the year,complete,James Chadwick,https://www.famousscientists.org/luis-alvarez/,"By 1932, the year he completed his degree, the horizons of particle physics had widened greatly with the discovery of two new particles: the neutron, discovered by James Chadwick; and the positron, discovered by Carl Anderson."
the year,complete,Carl Anderson,https://www.famousscientists.org/luis-alvarez/,"By 1932, the year he completed his degree, the horizons of particle physics had widened greatly with the discovery of two new particles: the neutron, discovered by James Chadwick; and the positron, discovered by Carl Anderson."
James Chadwick,complete,Carl Anderson,https://www.famousscientists.org/luis-alvarez/,"By 1932, the year he completed his degree, the horizons of particle physics had widened greatly with the discovery of two new particles: the neutron, discovered by James Chadwick; and the positron, discovered by Carl Anderson."
the late 1940s,expand,1950,https://www.famousscientists.org/luis-alvarez/,"Further discoveries – K mesons and hyperons – expanded the particle world in the late 1940s, and by 1950 the pion family of particles had become known."
One day,talk,1953,https://www.famousscientists.org/luis-alvarez/,One day in 1953 Alvarez got talking to a young physicist.
One day,talk,Alvarez,https://www.famousscientists.org/luis-alvarez/,One day in 1953 Alvarez got talking to a young physicist.
1953,talk,Alvarez,https://www.famousscientists.org/luis-alvarez/,One day in 1953 Alvarez got talking to a young physicist.
Glaser,tell,Alvarez,https://www.famousscientists.org/luis-alvarez/,"Over a meal at a conference, Glaser told Alvarez about his new invention – the bubble chamber – which was an improved way of tracking subatomic particles."
Alvarez,think,Glaser,https://www.famousscientists.org/luis-alvarez/,Alvarez thought about what Glaser had told him.
early 1954,put,Alvarez,https://www.famousscientists.org/luis-alvarez/,"By early 1954, Alvarez had put together a small-scale liquid hydrogen bubble chamber at Berkeley."
early 1954,put,Berkeley,https://www.famousscientists.org/luis-alvarez/,"By early 1954, Alvarez had put together a small-scale liquid hydrogen bubble chamber at Berkeley."
Alvarez,put,Berkeley,https://www.famousscientists.org/luis-alvarez/,"By early 1954, Alvarez had put together a small-scale liquid hydrogen bubble chamber at Berkeley."
Alvarez,become,Walter,https://www.famousscientists.org/luis-alvarez/,"Dinosaur Death by Meteorite
Alvarez’s son Walter, like his father, had become a scientist."
Walter,decide,1977,https://www.famousscientists.org/luis-alvarez/,"Walter was a geologist, and one day in 1977 he decided to tell his father about a problem he had."
Paris,notice,the early 1800s,https://www.famousscientists.org/luis-alvarez/,"The boundary and the change of lifeforms on either side of it were noticed in Paris in the early 1800s by Georges Cuvier, who proposed that some catastrophic event had caused the clay layer."
Paris,notice,Georges Cuvier,https://www.famousscientists.org/luis-alvarez/,"The boundary and the change of lifeforms on either side of it were noticed in Paris in the early 1800s by Georges Cuvier, who proposed that some catastrophic event had caused the clay layer."
the early 1800s,notice,Georges Cuvier,https://www.famousscientists.org/luis-alvarez/,"The boundary and the change of lifeforms on either side of it were noticed in Paris in the early 1800s by Georges Cuvier, who proposed that some catastrophic event had caused the clay layer."
Walter,want,Italy,https://www.famousscientists.org/luis-alvarez/,They wanted to determine how long it took for the 1 centimeter deep layer Walter had been investigating in Italy to form.
Luis,come,each year,https://www.famousscientists.org/luis-alvarez/,"Iridium in the earth’s crust comes mainly from meteorite impacts, and Luis had calculated the average amount of iridium that arrives on Earth each year from meteorites."
Luis,ask,Frank Asaro,https://www.famousscientists.org/luis-alvarez/,"Luis asked Frank Asaro, a nuclear chemist at the Lawrence Berkeley laboratory, to determine the iridium content of samples of gray clay from the K-T boundary layer."
Luis,ask,Lawrence Berkeley,https://www.famousscientists.org/luis-alvarez/,"Luis asked Frank Asaro, a nuclear chemist at the Lawrence Berkeley laboratory, to determine the iridium content of samples of gray clay from the K-T boundary layer."
Frank Asaro,ask,Lawrence Berkeley,https://www.famousscientists.org/luis-alvarez/,"Luis asked Frank Asaro, a nuclear chemist at the Lawrence Berkeley laboratory, to determine the iridium content of samples of gray clay from the K-T boundary layer."
Asaro,find,Helen Michel,https://www.famousscientists.org/luis-alvarez/,"Asaro and his nuclear chemist colleague Helen Michel found much higher concentrations of iridium in the samples than anyone could have imagined, much more than could be explained by the normal number of meteorite impacts."
1990,come,two years,https://www.famousscientists.org/luis-alvarez/,"In 1990, two years after Luis Alvarez’s death, the Chicxulub crater in the sea off Mexico’s Yucatan Peninsula came to the attention of geologists, who agreed that the profile and age of the crater matched the Alvarez predictions."
1990,come,Luis Alvarez’s,https://www.famousscientists.org/luis-alvarez/,"In 1990, two years after Luis Alvarez’s death, the Chicxulub crater in the sea off Mexico’s Yucatan Peninsula came to the attention of geologists, who agreed that the profile and age of the crater matched the Alvarez predictions."
1990,come,Mexico,https://www.famousscientists.org/luis-alvarez/,"In 1990, two years after Luis Alvarez’s death, the Chicxulub crater in the sea off Mexico’s Yucatan Peninsula came to the attention of geologists, who agreed that the profile and age of the crater matched the Alvarez predictions."
1990,come,Alvarez,https://www.famousscientists.org/luis-alvarez/,"In 1990, two years after Luis Alvarez’s death, the Chicxulub crater in the sea off Mexico’s Yucatan Peninsula came to the attention of geologists, who agreed that the profile and age of the crater matched the Alvarez predictions."
two years,come,Luis Alvarez’s,https://www.famousscientists.org/luis-alvarez/,"In 1990, two years after Luis Alvarez’s death, the Chicxulub crater in the sea off Mexico’s Yucatan Peninsula came to the attention of geologists, who agreed that the profile and age of the crater matched the Alvarez predictions."
two years,come,Mexico,https://www.famousscientists.org/luis-alvarez/,"In 1990, two years after Luis Alvarez’s death, the Chicxulub crater in the sea off Mexico’s Yucatan Peninsula came to the attention of geologists, who agreed that the profile and age of the crater matched the Alvarez predictions."
two years,come,Alvarez,https://www.famousscientists.org/luis-alvarez/,"In 1990, two years after Luis Alvarez’s death, the Chicxulub crater in the sea off Mexico’s Yucatan Peninsula came to the attention of geologists, who agreed that the profile and age of the crater matched the Alvarez predictions."
Luis Alvarez’s,come,Mexico,https://www.famousscientists.org/luis-alvarez/,"In 1990, two years after Luis Alvarez’s death, the Chicxulub crater in the sea off Mexico’s Yucatan Peninsula came to the attention of geologists, who agreed that the profile and age of the crater matched the Alvarez predictions."
Luis Alvarez’s,come,Alvarez,https://www.famousscientists.org/luis-alvarez/,"In 1990, two years after Luis Alvarez’s death, the Chicxulub crater in the sea off Mexico’s Yucatan Peninsula came to the attention of geologists, who agreed that the profile and age of the crater matched the Alvarez predictions."
Mexico,come,Alvarez,https://www.famousscientists.org/luis-alvarez/,"In 1990, two years after Luis Alvarez’s death, the Chicxulub crater in the sea off Mexico’s Yucatan Peninsula came to the attention of geologists, who agreed that the profile and age of the crater matched the Alvarez predictions."
"The End
Luis Alvarez",die,the age of 77,https://www.famousscientists.org/luis-alvarez/,"The End
Luis Alvarez died of cancer of the esophagus at the age of 77 on September 1, 1988."
"The End
Luis Alvarez",die,"September 1, 1988",https://www.famousscientists.org/luis-alvarez/,"The End
Luis Alvarez died of cancer of the esophagus at the age of 77 on September 1, 1988."
the age of 77,die,"September 1, 1988",https://www.famousscientists.org/luis-alvarez/,"The End
Luis Alvarez died of cancer of the esophagus at the age of 77 on September 1, 1988."
Geraldine Smithwick,survive,Walter,https://www.famousscientists.org/luis-alvarez/,"He was survived by his first wife Geraldine Smithwick, and their children Walter and Jean; and his second wife Janet Landis, and their children Donald and Helen."
Geraldine Smithwick,survive,Jean,https://www.famousscientists.org/luis-alvarez/,"He was survived by his first wife Geraldine Smithwick, and their children Walter and Jean; and his second wife Janet Landis, and their children Donald and Helen."
Geraldine Smithwick,survive,Janet Landis,https://www.famousscientists.org/luis-alvarez/,"He was survived by his first wife Geraldine Smithwick, and their children Walter and Jean; and his second wife Janet Landis, and their children Donald and Helen."
Geraldine Smithwick,survive,Donald,https://www.famousscientists.org/luis-alvarez/,"He was survived by his first wife Geraldine Smithwick, and their children Walter and Jean; and his second wife Janet Landis, and their children Donald and Helen."
Geraldine Smithwick,survive,Helen,https://www.famousscientists.org/luis-alvarez/,"He was survived by his first wife Geraldine Smithwick, and their children Walter and Jean; and his second wife Janet Landis, and their children Donald and Helen."
Walter,survive,Jean,https://www.famousscientists.org/luis-alvarez/,"He was survived by his first wife Geraldine Smithwick, and their children Walter and Jean; and his second wife Janet Landis, and their children Donald and Helen."
Walter,survive,Janet Landis,https://www.famousscientists.org/luis-alvarez/,"He was survived by his first wife Geraldine Smithwick, and their children Walter and Jean; and his second wife Janet Landis, and their children Donald and Helen."
Walter,survive,Donald,https://www.famousscientists.org/luis-alvarez/,"He was survived by his first wife Geraldine Smithwick, and their children Walter and Jean; and his second wife Janet Landis, and their children Donald and Helen."
Walter,survive,Helen,https://www.famousscientists.org/luis-alvarez/,"He was survived by his first wife Geraldine Smithwick, and their children Walter and Jean; and his second wife Janet Landis, and their children Donald and Helen."
Jean,survive,Janet Landis,https://www.famousscientists.org/luis-alvarez/,"He was survived by his first wife Geraldine Smithwick, and their children Walter and Jean; and his second wife Janet Landis, and their children Donald and Helen."
Jean,survive,Donald,https://www.famousscientists.org/luis-alvarez/,"He was survived by his first wife Geraldine Smithwick, and their children Walter and Jean; and his second wife Janet Landis, and their children Donald and Helen."
Jean,survive,Helen,https://www.famousscientists.org/luis-alvarez/,"He was survived by his first wife Geraldine Smithwick, and their children Walter and Jean; and his second wife Janet Landis, and their children Donald and Helen."
Janet Landis,survive,Donald,https://www.famousscientists.org/luis-alvarez/,"He was survived by his first wife Geraldine Smithwick, and their children Walter and Jean; and his second wife Janet Landis, and their children Donald and Helen."
Janet Landis,survive,Helen,https://www.famousscientists.org/luis-alvarez/,"He was survived by his first wife Geraldine Smithwick, and their children Walter and Jean; and his second wife Janet Landis, and their children Donald and Helen."
Donald,survive,Helen,https://www.famousscientists.org/luis-alvarez/,"He was survived by his first wife Geraldine Smithwick, and their children Walter and Jean; and his second wife Janet Landis, and their children Donald and Helen."
The Doc,enhance,Luis Alvarez,https://www.famousscientists.org/luis-alvarez/,"Author of this page: The Doc
Images of Luis Alvarez enhanced and colorized by this website."
Aristotle,crumble,"Stagira, Macedonia",https://biographyonline.net/scientists/aristotle.html,"“Time crumbles things; everything grows old under the power of Time and is forgotten through the lapse of Time.”
– Aristotle (Physics)
Early life
Aristotle was born in Stagira, Macedonia (northern Greece) around 384 BC."
Aristotle,crumble,Greece,https://biographyonline.net/scientists/aristotle.html,"“Time crumbles things; everything grows old under the power of Time and is forgotten through the lapse of Time.”
– Aristotle (Physics)
Early life
Aristotle was born in Stagira, Macedonia (northern Greece) around 384 BC."
Aristotle,crumble,384 BC,https://biographyonline.net/scientists/aristotle.html,"“Time crumbles things; everything grows old under the power of Time and is forgotten through the lapse of Time.”
– Aristotle (Physics)
Early life
Aristotle was born in Stagira, Macedonia (northern Greece) around 384 BC."
"Stagira, Macedonia",crumble,Greece,https://biographyonline.net/scientists/aristotle.html,"“Time crumbles things; everything grows old under the power of Time and is forgotten through the lapse of Time.”
– Aristotle (Physics)
Early life
Aristotle was born in Stagira, Macedonia (northern Greece) around 384 BC."
"Stagira, Macedonia",crumble,384 BC,https://biographyonline.net/scientists/aristotle.html,"“Time crumbles things; everything grows old under the power of Time and is forgotten through the lapse of Time.”
– Aristotle (Physics)
Early life
Aristotle was born in Stagira, Macedonia (northern Greece) around 384 BC."
Greece,crumble,384 BC,https://biographyonline.net/scientists/aristotle.html,"“Time crumbles things; everything grows old under the power of Time and is forgotten through the lapse of Time.”
– Aristotle (Physics)
Early life
Aristotle was born in Stagira, Macedonia (northern Greece) around 384 BC."
Athens,travel,the Academy of Plato,https://biographyonline.net/scientists/aristotle.html,"After his father’s death, he travelled to Athens to join the Academy of Plato."
Aristotle,study,Plato,https://biographyonline.net/scientists/aristotle.html,As Aristotle studied under Plato he would have learnt about the philosophic traditions of Socrates.
Aristotle,study,Socrates,https://biographyonline.net/scientists/aristotle.html,As Aristotle studied under Plato he would have learnt about the philosophic traditions of Socrates.
Plato,study,Socrates,https://biographyonline.net/scientists/aristotle.html,As Aristotle studied under Plato he would have learnt about the philosophic traditions of Socrates.
Aristotle,return,Alexander the Great,https://biographyonline.net/scientists/aristotle.html,"– Aristotle (Nicomachean Ethics)
Aristotle and Alexander the Great
In 342 BC Aristotle returned to Macedonia to become the teacher of the future Macedonian King – Alexander the Great."
Aristotle,return,342 BC,https://biographyonline.net/scientists/aristotle.html,"– Aristotle (Nicomachean Ethics)
Aristotle and Alexander the Great
In 342 BC Aristotle returned to Macedonia to become the teacher of the future Macedonian King – Alexander the Great."
Aristotle,return,Macedonia,https://biographyonline.net/scientists/aristotle.html,"– Aristotle (Nicomachean Ethics)
Aristotle and Alexander the Great
In 342 BC Aristotle returned to Macedonia to become the teacher of the future Macedonian King – Alexander the Great."
Alexander the Great,return,342 BC,https://biographyonline.net/scientists/aristotle.html,"– Aristotle (Nicomachean Ethics)
Aristotle and Alexander the Great
In 342 BC Aristotle returned to Macedonia to become the teacher of the future Macedonian King – Alexander the Great."
Alexander the Great,return,Aristotle,https://biographyonline.net/scientists/aristotle.html,"– Aristotle (Nicomachean Ethics)
Aristotle and Alexander the Great
In 342 BC Aristotle returned to Macedonia to become the teacher of the future Macedonian King – Alexander the Great."
Alexander the Great,return,Macedonia,https://biographyonline.net/scientists/aristotle.html,"– Aristotle (Nicomachean Ethics)
Aristotle and Alexander the Great
In 342 BC Aristotle returned to Macedonia to become the teacher of the future Macedonian King – Alexander the Great."
342 BC,return,Aristotle,https://biographyonline.net/scientists/aristotle.html,"– Aristotle (Nicomachean Ethics)
Aristotle and Alexander the Great
In 342 BC Aristotle returned to Macedonia to become the teacher of the future Macedonian King – Alexander the Great."
342 BC,return,Macedonia,https://biographyonline.net/scientists/aristotle.html,"– Aristotle (Nicomachean Ethics)
Aristotle and Alexander the Great
In 342 BC Aristotle returned to Macedonia to become the teacher of the future Macedonian King – Alexander the Great."
342 BC,return,Alexander the Great,https://biographyonline.net/scientists/aristotle.html,"– Aristotle (Nicomachean Ethics)
Aristotle and Alexander the Great
In 342 BC Aristotle returned to Macedonia to become the teacher of the future Macedonian King – Alexander the Great."
Macedonia,return,Alexander the Great,https://biographyonline.net/scientists/aristotle.html,"– Aristotle (Nicomachean Ethics)
Aristotle and Alexander the Great
In 342 BC Aristotle returned to Macedonia to become the teacher of the future Macedonian King – Alexander the Great."
Aristotle,teach,several years,https://biographyonline.net/scientists/aristotle.html,"Aristotle taught the future king for several years on political philosophy, history and ethics."
Alexander the Great,ignore,Aristotle,https://biographyonline.net/scientists/aristotle.html,"Alexander the Great would later ignore much of Aristotle’s teachings such as the desirability of oligarchic leadership, but, his education by Aristotle must have left an abiding impression on the young prince."
Aristotle,think,335 BC,https://biographyonline.net/scientists/aristotle.html,"“If liberty and equality, as is thought by some, are chiefly to be found in democracy, they will be best attained when all persons alike share in the government to the utmost.”
– Aristotle (Politics)
In 335 BC, Alexander ascended the throne and began his great wars of conquest."
Aristotle,think,Alexander,https://biographyonline.net/scientists/aristotle.html,"“If liberty and equality, as is thought by some, are chiefly to be found in democracy, they will be best attained when all persons alike share in the government to the utmost.”
– Aristotle (Politics)
In 335 BC, Alexander ascended the throne and began his great wars of conquest."
335 BC,think,Alexander,https://biographyonline.net/scientists/aristotle.html,"“If liberty and equality, as is thought by some, are chiefly to be found in democracy, they will be best attained when all persons alike share in the government to the utmost.”
– Aristotle (Politics)
In 335 BC, Alexander ascended the throne and began his great wars of conquest."
Aristotle,return,Athens,https://biographyonline.net/scientists/aristotle.html,"During this period, Aristotle returned to Athens, where he opened his own school – the Lyceum."
Alexander,seek,Aristotle,https://biographyonline.net/scientists/aristotle.html,"Whilst Alexander did not seek his old tutor’s advice, he appears to have given Aristotle a generous fund to support the Lyceum and Aristotle’s work."
Alexander,seek,Lyceum,https://biographyonline.net/scientists/aristotle.html,"Whilst Alexander did not seek his old tutor’s advice, he appears to have given Aristotle a generous fund to support the Lyceum and Aristotle’s work."
Aristotle,seek,Lyceum,https://biographyonline.net/scientists/aristotle.html,"Whilst Alexander did not seek his old tutor’s advice, he appears to have given Aristotle a generous fund to support the Lyceum and Aristotle’s work."
Lyceum,seek,Aristotle,https://biographyonline.net/scientists/aristotle.html,"Whilst Alexander did not seek his old tutor’s advice, he appears to have given Aristotle a generous fund to support the Lyceum and Aristotle’s work."
Aristotle,create,Alexander,https://biographyonline.net/scientists/aristotle.html,"However, Aristotle’s independence of thought did create tension with the powerful Alexander."
Alexander,die,323 BC,https://biographyonline.net/scientists/aristotle.html,"When Alexander died in 323 BC, Aristotle also suffered from his association with the former king, and anti-Macedonian sentiment in Athens encouraged Aristotle to flee."
Alexander,die,Aristotle,https://biographyonline.net/scientists/aristotle.html,"When Alexander died in 323 BC, Aristotle also suffered from his association with the former king, and anti-Macedonian sentiment in Athens encouraged Aristotle to flee."
Alexander,die,Athens,https://biographyonline.net/scientists/aristotle.html,"When Alexander died in 323 BC, Aristotle also suffered from his association with the former king, and anti-Macedonian sentiment in Athens encouraged Aristotle to flee."
323 BC,die,Aristotle,https://biographyonline.net/scientists/aristotle.html,"When Alexander died in 323 BC, Aristotle also suffered from his association with the former king, and anti-Macedonian sentiment in Athens encouraged Aristotle to flee."
323 BC,die,Athens,https://biographyonline.net/scientists/aristotle.html,"When Alexander died in 323 BC, Aristotle also suffered from his association with the former king, and anti-Macedonian sentiment in Athens encouraged Aristotle to flee."
Aristotle,die,Athens,https://biographyonline.net/scientists/aristotle.html,"When Alexander died in 323 BC, Aristotle also suffered from his association with the former king, and anti-Macedonian sentiment in Athens encouraged Aristotle to flee."
Athens,die,Aristotle,https://biographyonline.net/scientists/aristotle.html,"When Alexander died in 323 BC, Aristotle also suffered from his association with the former king, and anti-Macedonian sentiment in Athens encouraged Aristotle to flee."
Socrates,bear,Athens,https://biographyonline.net/scientists/aristotle.html,"Bearing in mind the fate of Socrates, he didn’t want Athens ‘to sin against philosophy for a second time.’"
A few months,leave,Athens,https://biographyonline.net/scientists/aristotle.html,"A few months after leaving Athens, he died at the age of sixty-two."
A few months,leave,the age of sixty-two,https://biographyonline.net/scientists/aristotle.html,"A few months after leaving Athens, he died at the age of sixty-two."
Athens,leave,the age of sixty-two,https://biographyonline.net/scientists/aristotle.html,"A few months after leaving Athens, he died at the age of sixty-two."
Aristotle,influence,the medieval period,https://biographyonline.net/scientists/aristotle.html,"In the field of physics, Aristotle’s ideas influenced much of the medieval period and lasted into the European Renaissance, when his ideas were replaced by the physics of Isaac Newton."
Aristotle,influence,the European Renaissance,https://biographyonline.net/scientists/aristotle.html,"In the field of physics, Aristotle’s ideas influenced much of the medieval period and lasted into the European Renaissance, when his ideas were replaced by the physics of Isaac Newton."
Aristotle,influence,Isaac Newton,https://biographyonline.net/scientists/aristotle.html,"In the field of physics, Aristotle’s ideas influenced much of the medieval period and lasted into the European Renaissance, when his ideas were replaced by the physics of Isaac Newton."
the medieval period,influence,the European Renaissance,https://biographyonline.net/scientists/aristotle.html,"In the field of physics, Aristotle’s ideas influenced much of the medieval period and lasted into the European Renaissance, when his ideas were replaced by the physics of Isaac Newton."
the medieval period,influence,Isaac Newton,https://biographyonline.net/scientists/aristotle.html,"In the field of physics, Aristotle’s ideas influenced much of the medieval period and lasted into the European Renaissance, when his ideas were replaced by the physics of Isaac Newton."
the European Renaissance,influence,Isaac Newton,https://biographyonline.net/scientists/aristotle.html,"In the field of physics, Aristotle’s ideas influenced much of the medieval period and lasted into the European Renaissance, when his ideas were replaced by the physics of Isaac Newton."
the medieval ages,see,Aristotle,https://biographyonline.net/scientists/aristotle.html,"During the medieval ages, Aristotle was seen as a primary source of knowledge and at times, there became a rigid adherence to Aristotle’s writing."
Aristotle,influence,Thomas Aquinas,https://biographyonline.net/scientists/aristotle.html,Aristotle was one of the few classical philosophers who strongly influenced later Christian writers such as Thomas Aquinas.
Islam,exert,Aristotle,https://biographyonline.net/scientists/aristotle.html,He also exerted an important influence on Islamic scholars who tried to synthesis Islam with the rationality of Aristotle.
Plato,include,Aristotle,https://biographyonline.net/scientists/aristotle.html,"Includes Plato, Aristotle, Socrates and Hippocrates."
Plato,include,Socrates,https://biographyonline.net/scientists/aristotle.html,"Includes Plato, Aristotle, Socrates and Hippocrates."
Plato,include,Hippocrates,https://biographyonline.net/scientists/aristotle.html,"Includes Plato, Aristotle, Socrates and Hippocrates."
Aristotle,include,Socrates,https://biographyonline.net/scientists/aristotle.html,"Includes Plato, Aristotle, Socrates and Hippocrates."
Aristotle,include,Hippocrates,https://biographyonline.net/scientists/aristotle.html,"Includes Plato, Aristotle, Socrates and Hippocrates."
Socrates,include,Hippocrates,https://biographyonline.net/scientists/aristotle.html,"Includes Plato, Aristotle, Socrates and Hippocrates."
25 December 1642,expect,Newton,https://www.bbc.co.uk/teach/articles/zh8792p,"25 December 1642
Not expected to survive the day
Newton was born prematurely on Christmas morning, in Woolsthorpe, Lincolnshire."
25 December 1642,expect,Woolsthorpe,https://www.bbc.co.uk/teach/articles/zh8792p,"25 December 1642
Not expected to survive the day
Newton was born prematurely on Christmas morning, in Woolsthorpe, Lincolnshire."
25 December 1642,expect,Lincolnshire,https://www.bbc.co.uk/teach/articles/zh8792p,"25 December 1642
Not expected to survive the day
Newton was born prematurely on Christmas morning, in Woolsthorpe, Lincolnshire."
Newton,expect,Woolsthorpe,https://www.bbc.co.uk/teach/articles/zh8792p,"25 December 1642
Not expected to survive the day
Newton was born prematurely on Christmas morning, in Woolsthorpe, Lincolnshire."
Newton,expect,Lincolnshire,https://www.bbc.co.uk/teach/articles/zh8792p,"25 December 1642
Not expected to survive the day
Newton was born prematurely on Christmas morning, in Woolsthorpe, Lincolnshire."
Woolsthorpe,expect,Lincolnshire,https://www.bbc.co.uk/teach/articles/zh8792p,"25 December 1642
Not expected to survive the day
Newton was born prematurely on Christmas morning, in Woolsthorpe, Lincolnshire."
Isaac,leave,three,https://www.bbc.co.uk/teach/articles/zh8792p,"When Isaac was three, his mother left him with his grandmother and married a man from a nearby village."
Grantham,seek,Newton,https://www.bbc.co.uk/teach/articles/zh8792p,"At Grantham school, Newton sought solace in books."
Newton,enrol,Trinity College,https://www.bbc.co.uk/teach/articles/zh8792p,"A mathematical mentor
Newton enrolled at Trinity College, Cambridge."
Newton,enrol,Cambridge,https://www.bbc.co.uk/teach/articles/zh8792p,"A mathematical mentor
Newton enrolled at Trinity College, Cambridge."
Trinity College,enrol,Cambridge,https://www.bbc.co.uk/teach/articles/zh8792p,"A mathematical mentor
Newton enrolled at Trinity College, Cambridge."
Isaac Barrow,steer,Cambridge,https://www.bbc.co.uk/teach/articles/zh8792p,"Isaac Barrow, Cambridge's first professor of mathematics, steered Newton away from the standard undergraduate texts and towards the big unsolved mathematical problems of the day, such as calculus - a way of describing how things change."
Isaac Barrow,steer,Newton,https://www.bbc.co.uk/teach/articles/zh8792p,"Isaac Barrow, Cambridge's first professor of mathematics, steered Newton away from the standard undergraduate texts and towards the big unsolved mathematical problems of the day, such as calculus - a way of describing how things change."
Isaac Barrow,steer,the day,https://www.bbc.co.uk/teach/articles/zh8792p,"Isaac Barrow, Cambridge's first professor of mathematics, steered Newton away from the standard undergraduate texts and towards the big unsolved mathematical problems of the day, such as calculus - a way of describing how things change."
Cambridge,steer,Newton,https://www.bbc.co.uk/teach/articles/zh8792p,"Isaac Barrow, Cambridge's first professor of mathematics, steered Newton away from the standard undergraduate texts and towards the big unsolved mathematical problems of the day, such as calculus - a way of describing how things change."
Cambridge,steer,the day,https://www.bbc.co.uk/teach/articles/zh8792p,"Isaac Barrow, Cambridge's first professor of mathematics, steered Newton away from the standard undergraduate texts and towards the big unsolved mathematical problems of the day, such as calculus - a way of describing how things change."
Newton,steer,the day,https://www.bbc.co.uk/teach/articles/zh8792p,"Isaac Barrow, Cambridge's first professor of mathematics, steered Newton away from the standard undergraduate texts and towards the big unsolved mathematical problems of the day, such as calculus - a way of describing how things change."
Newton,hunt,Descartes,https://www.bbc.co.uk/teach/articles/zh8792p,"Newton also hunted out new works by men such as Descartes, who argued that the Universe was governed by mechanical laws."
Cambridge University,close,Newton,https://www.bbc.co.uk/teach/articles/zh8792p,"When Cambridge University was closed because of the plague, Newton was forced to return home."
the Royal Society,reproduce,Newton,https://www.bbc.co.uk/teach/articles/zh8792p,Other members of the Royal Society could not reproduce his results â partly because Newton had described his experiment in an obscure manner.
Newton,begin,Gottfried Leibniz,https://www.bbc.co.uk/teach/articles/zh8792p,"Newton's greatest rivalry begins
When German philosopher Gottfried Leibniz published an important mathematical paper, it was the beginning of a lifelong feud between the two men."
Newton,claim,20 years before,https://www.bbc.co.uk/teach/articles/zh8792p,"However, Newton claimed he'd done the same work 20 years before and that Leibniz had stolen his ideas."
Newton,claim,Leibniz,https://www.bbc.co.uk/teach/articles/zh8792p,"However, Newton claimed he'd done the same work 20 years before and that Leibniz had stolen his ideas."
20 years before,claim,Leibniz,https://www.bbc.co.uk/teach/articles/zh8792p,"However, Newton claimed he'd done the same work 20 years before and that Leibniz had stolen his ideas."
Robert Hooke,challenge,Newton,https://www.bbc.co.uk/teach/articles/zh8792p,"The Principia Mathematica: A foundation of modern science
Challenged by Robert Hooke to prove his theories about planetary orbits, Newton produced what is considered the foundation for physics as we know it."
Newton,take,two years,https://www.bbc.co.uk/teach/articles/zh8792p,The Philosophiae Naturalis Principia Mathematica took Newton two years to write.
Newton,sit,James II,https://www.bbc.co.uk/teach/articles/zh8792p,"Profoundly religious, Newton could not sit by while James II attempted to re-Catholicise Cambridge University â even if it meant nailing his own religious colours to the mast."
Newton,sit,Cambridge University,https://www.bbc.co.uk/teach/articles/zh8792p,"Profoundly religious, Newton could not sit by while James II attempted to re-Catholicise Cambridge University â even if it meant nailing his own religious colours to the mast."
James II,sit,Cambridge University,https://www.bbc.co.uk/teach/articles/zh8792p,"Profoundly religious, Newton could not sit by while James II attempted to re-Catholicise Cambridge University â even if it meant nailing his own religious colours to the mast."
James,fight,Parliament,https://www.bbc.co.uk/teach/articles/zh8792p,He successfully fought James's reforms and got himself elected as a Member of Parliament.
mid-1693,suffer,Newton,https://www.bbc.co.uk/teach/articles/zh8792p,"Exhaustion and breakdown
In mid-1693, Newton suffered a mental collapse when he suspected that his friends were conspiring against him."
five nights in a row,work,Newton,https://www.bbc.co.uk/teach/articles/zh8792p,"After working five nights in a row, Newton suffered what we might describe as a nervous breakdown."
John Locke,apologise,Samuel Pepys,https://www.bbc.co.uk/teach/articles/zh8792p,"He later apologised to the philosopher John Locke and to the MP Samuel Pepys for having wished them dead, though whether he actually wished this is unclear."
Newton,save,Britain,https://www.bbc.co.uk/teach/articles/zh8792p,Newton saves Britain's currency
the Royal Mint,find,Newton,https://www.bbc.co.uk/teach/articles/zh8792p,"As warden of the Royal Mint, Newton found a new calling."
Newton,elect,the Royal Society,https://www.bbc.co.uk/teach/articles/zh8792p,"Newton elected president of the Royal Society
As the leading figure in British natural philosophy, Newton had completed his most important work."
the Royal Society,elect,Newton,https://www.bbc.co.uk/teach/articles/zh8792p,"Newton elected president of the Royal Society
As the leading figure in British natural philosophy, Newton had completed his most important work."
Hooke,try,John Flamsteed,https://www.bbc.co.uk/teach/articles/zh8792p,He tried to write Hooke out of history and began another bitter dispute with astronomer John Flamsteed by publishing Flamsteed's catalogue of stars without his consent.
Hooke,try,Flamsteed,https://www.bbc.co.uk/teach/articles/zh8792p,He tried to write Hooke out of history and began another bitter dispute with astronomer John Flamsteed by publishing Flamsteed's catalogue of stars without his consent.
John Flamsteed,try,Flamsteed,https://www.bbc.co.uk/teach/articles/zh8792p,He tried to write Hooke out of history and began another bitter dispute with astronomer John Flamsteed by publishing Flamsteed's catalogue of stars without his consent.
Newton,quarrel,Leibniz,https://www.bbc.co.uk/teach/articles/zh8792p,Newton and Leibniz had quarrelled over who invented calculus.
1713,form,the Royal Society,https://www.bbc.co.uk/teach/articles/zh8792p,"In 1713, the Royal Society formed a committee to decide once and for all who invented calculus."
Newton,find,Leibniz,https://www.bbc.co.uk/teach/articles/zh8792p,It found that Newton had beaten Leibniz by many years.
Newton,find,many years,https://www.bbc.co.uk/teach/articles/zh8792p,It found that Newton had beaten Leibniz by many years.
Leibniz,find,many years,https://www.bbc.co.uk/teach/articles/zh8792p,It found that Newton had beaten Leibniz by many years.
Royal Society,din,William Stukeley,https://www.bbc.co.uk/teach/articles/zh8792p,"Dining with fellow Royal Society member William Stukeley, Newton remembered that he had been sitting beneath an apple tree at his family home of Woolsthorpe, and a falling apple had prompted him to think about gravity."
Royal Society,din,Newton,https://www.bbc.co.uk/teach/articles/zh8792p,"Dining with fellow Royal Society member William Stukeley, Newton remembered that he had been sitting beneath an apple tree at his family home of Woolsthorpe, and a falling apple had prompted him to think about gravity."
Royal Society,din,Woolsthorpe,https://www.bbc.co.uk/teach/articles/zh8792p,"Dining with fellow Royal Society member William Stukeley, Newton remembered that he had been sitting beneath an apple tree at his family home of Woolsthorpe, and a falling apple had prompted him to think about gravity."
William Stukeley,din,Newton,https://www.bbc.co.uk/teach/articles/zh8792p,"Dining with fellow Royal Society member William Stukeley, Newton remembered that he had been sitting beneath an apple tree at his family home of Woolsthorpe, and a falling apple had prompted him to think about gravity."
William Stukeley,din,Woolsthorpe,https://www.bbc.co.uk/teach/articles/zh8792p,"Dining with fellow Royal Society member William Stukeley, Newton remembered that he had been sitting beneath an apple tree at his family home of Woolsthorpe, and a falling apple had prompted him to think about gravity."
Newton,din,Woolsthorpe,https://www.bbc.co.uk/teach/articles/zh8792p,"Dining with fellow Royal Society member William Stukeley, Newton remembered that he had been sitting beneath an apple tree at his family home of Woolsthorpe, and a falling apple had prompted him to think about gravity."
Newton,tell,Catherine,https://www.bbc.co.uk/teach/articles/zh8792p,"The story was also told by other people who knew Newton, including his niece Catherine who cared for him in his later years."
Newton,tell,his later years,https://www.bbc.co.uk/teach/articles/zh8792p,"The story was also told by other people who knew Newton, including his niece Catherine who cared for him in his later years."
Catherine,tell,his later years,https://www.bbc.co.uk/teach/articles/zh8792p,"The story was also told by other people who knew Newton, including his niece Catherine who cared for him in his later years."
Newton,die,84,https://www.bbc.co.uk/teach/articles/zh8792p,"Newton dies
Newton died aged 84, and was buried with full honours in Westminster Abbey."
1613,write,Benedetto Castelli,https://www.britannica.com/biography/Galileo-Galilei/Galileos-Copernicanism,In 1613 he wrote a letter to his student Benedetto Castelli (1577–1644) in Pisa about the problem of squaring the Copernican theory with certain biblical passages.
1613,write,Pisa,https://www.britannica.com/biography/Galileo-Galilei/Galileos-Copernicanism,In 1613 he wrote a letter to his student Benedetto Castelli (1577–1644) in Pisa about the problem of squaring the Copernican theory with certain biblical passages.
Benedetto Castelli,write,Pisa,https://www.britannica.com/biography/Galileo-Galilei/Galileos-Copernicanism,In 1613 he wrote a letter to his student Benedetto Castelli (1577–1644) in Pisa about the problem of squaring the Copernican theory with certain biblical passages.
Galileo,send,Inquisition,https://www.britannica.com/biography/Galileo-Galilei/Galileos-Copernicanism,"Inaccurate copies of this letter were sent by Galileo’s enemies to the Inquisition in Rome, and he had to retrieve the letter and send an accurate copy."
Galileo,send,Rome,https://www.britannica.com/biography/Galileo-Galilei/Galileos-Copernicanism,"Inaccurate copies of this letter were sent by Galileo’s enemies to the Inquisition in Rome, and he had to retrieve the letter and send an accurate copy."
Inquisition,send,Rome,https://www.britannica.com/biography/Galileo-Galilei/Galileos-Copernicanism,"Inaccurate copies of this letter were sent by Galileo’s enemies to the Inquisition in Rome, and he had to retrieve the letter and send an accurate copy."
Florence,lodge,Galileo,https://www.britannica.com/biography/Galileo-Galilei/Galileos-Copernicanism,"Several Dominican fathers in Florence lodged complaints against Galileo in Rome, and Galileo went to Rome to defend the Copernican cause and his good name."
Florence,lodge,Rome,https://www.britannica.com/biography/Galileo-Galilei/Galileos-Copernicanism,"Several Dominican fathers in Florence lodged complaints against Galileo in Rome, and Galileo went to Rome to defend the Copernican cause and his good name."
Galileo,lodge,Rome,https://www.britannica.com/biography/Galileo-Galilei/Galileos-Copernicanism,"Several Dominican fathers in Florence lodged complaints against Galileo in Rome, and Galileo went to Rome to defend the Copernican cause and his good name."
Rome,lodge,Galileo,https://www.britannica.com/biography/Galileo-Galilei/Galileos-Copernicanism,"Several Dominican fathers in Florence lodged complaints against Galileo in Rome, and Galileo went to Rome to defend the Copernican cause and his good name."
Castelli,leave,Galileo,https://www.britannica.com/biography/Galileo-Galilei/Galileos-Copernicanism,"Before leaving, he finished an expanded version of the letter to Castelli, now addressed to the grand duke’s mother and good friend of Galileo, the dowager Christina."
Castelli,leave,Christina,https://www.britannica.com/biography/Galileo-Galilei/Galileos-Copernicanism,"Before leaving, he finished an expanded version of the letter to Castelli, now addressed to the grand duke’s mother and good friend of Galileo, the dowager Christina."
Galileo,leave,Christina,https://www.britannica.com/biography/Galileo-Galilei/Galileos-Copernicanism,"Before leaving, he finished an expanded version of the letter to Castelli, now addressed to the grand duke’s mother and good friend of Galileo, the dowager Christina."
Christina,discuss,Galileo,https://www.britannica.com/biography/Galileo-Galilei/Galileos-Copernicanism,"In his Letter to the Grand Duchess Christina, Galileo discussed the problem of interpreting biblical passages with regard to scientific discoveries but, except for one example, did not actually interpret the Bible."
Rome,turn,1615,https://www.britannica.com/biography/Galileo-Galilei/Galileos-Copernicanism,"But the tide in Rome was turning against the Copernican theory, and in 1615, when the cleric Paolo Antonio Foscarini (c. 1565–1616) published a book arguing that the Copernican theory did not conflict with scripture, Inquisition consultants examined the question and pronounced the Copernican theory heretical."
Rome,turn,Paolo Antonio Foscarini,https://www.britannica.com/biography/Galileo-Galilei/Galileos-Copernicanism,"But the tide in Rome was turning against the Copernican theory, and in 1615, when the cleric Paolo Antonio Foscarini (c. 1565–1616) published a book arguing that the Copernican theory did not conflict with scripture, Inquisition consultants examined the question and pronounced the Copernican theory heretical."
Rome,turn,c. 1565–1616),https://www.britannica.com/biography/Galileo-Galilei/Galileos-Copernicanism,"But the tide in Rome was turning against the Copernican theory, and in 1615, when the cleric Paolo Antonio Foscarini (c. 1565–1616) published a book arguing that the Copernican theory did not conflict with scripture, Inquisition consultants examined the question and pronounced the Copernican theory heretical."
Rome,turn,Inquisition,https://www.britannica.com/biography/Galileo-Galilei/Galileos-Copernicanism,"But the tide in Rome was turning against the Copernican theory, and in 1615, when the cleric Paolo Antonio Foscarini (c. 1565–1616) published a book arguing that the Copernican theory did not conflict with scripture, Inquisition consultants examined the question and pronounced the Copernican theory heretical."
1615,turn,Paolo Antonio Foscarini,https://www.britannica.com/biography/Galileo-Galilei/Galileos-Copernicanism,"But the tide in Rome was turning against the Copernican theory, and in 1615, when the cleric Paolo Antonio Foscarini (c. 1565–1616) published a book arguing that the Copernican theory did not conflict with scripture, Inquisition consultants examined the question and pronounced the Copernican theory heretical."
1615,turn,c. 1565–1616),https://www.britannica.com/biography/Galileo-Galilei/Galileos-Copernicanism,"But the tide in Rome was turning against the Copernican theory, and in 1615, when the cleric Paolo Antonio Foscarini (c. 1565–1616) published a book arguing that the Copernican theory did not conflict with scripture, Inquisition consultants examined the question and pronounced the Copernican theory heretical."
1615,turn,Inquisition,https://www.britannica.com/biography/Galileo-Galilei/Galileos-Copernicanism,"But the tide in Rome was turning against the Copernican theory, and in 1615, when the cleric Paolo Antonio Foscarini (c. 1565–1616) published a book arguing that the Copernican theory did not conflict with scripture, Inquisition consultants examined the question and pronounced the Copernican theory heretical."
Paolo Antonio Foscarini,turn,c. 1565–1616),https://www.britannica.com/biography/Galileo-Galilei/Galileos-Copernicanism,"But the tide in Rome was turning against the Copernican theory, and in 1615, when the cleric Paolo Antonio Foscarini (c. 1565–1616) published a book arguing that the Copernican theory did not conflict with scripture, Inquisition consultants examined the question and pronounced the Copernican theory heretical."
Paolo Antonio Foscarini,turn,Inquisition,https://www.britannica.com/biography/Galileo-Galilei/Galileos-Copernicanism,"But the tide in Rome was turning against the Copernican theory, and in 1615, when the cleric Paolo Antonio Foscarini (c. 1565–1616) published a book arguing that the Copernican theory did not conflict with scripture, Inquisition consultants examined the question and pronounced the Copernican theory heretical."
c. 1565–1616),turn,Inquisition,https://www.britannica.com/biography/Galileo-Galilei/Galileos-Copernicanism,"But the tide in Rome was turning against the Copernican theory, and in 1615, when the cleric Paolo Antonio Foscarini (c. 1565–1616) published a book arguing that the Copernican theory did not conflict with scripture, Inquisition consultants examined the question and pronounced the Copernican theory heretical."
Foscarini,ban,Johannes Kepler’s,https://www.britannica.com/biography/Galileo-Galilei/Galileos-Copernicanism,"Foscarini’s book was banned, as were some more technical and nontheological works, such as Johannes Kepler’s Epitome of Copernican Astronomy."
Copernicus,concern,1543,https://www.britannica.com/biography/Galileo-Galilei/Galileos-Copernicanism,"Copernicus’s own 1543 book, De revolutionibus orbium coelestium libri vi (“Six Books Concerning the Revolutions of the Heavenly Orbs”), was suspended until corrected."
Galileo,mention,Robert Cardinal Bellarmine,https://www.britannica.com/biography/Galileo-Galilei/Galileos-Copernicanism,"Galileo was not mentioned directly in the decree, but he was admonished by Robert Cardinal Bellarmine (1542–1621) not to “hold or defend” the Copernican theory."
Inquisition,prepare,Galileo,https://www.britannica.com/biography/Galileo-Galilei/Galileos-Copernicanism,"An improperly prepared document placed in the Inquisition files at this time states that Galileo was admonished “not to hold, teach, or defend” the Copernican theory “in any way whatever, either orally or in writing.”"
Orazio Grassi,enter,the Collegio Romano,https://www.britannica.com/biography/Galileo-Galilei/Galileos-Copernicanism,"After several exchanges, mainly with Orazio Grassi (1583–1654), a professor of mathematics at the Collegio Romano, he finally entered the argument under his own name."
Maffeo Cardinal Barberini,come,Galileo,https://www.britannica.com/biography/Galileo-Galilei/Galileos-Copernicanism,"Publication of Il saggiatore came at an auspicious moment, for Maffeo Cardinal Barberini (1568–1644), a friend, admirer, and patron of Galileo for a decade, was named Pope Urban VIII as the book was going to press."
Maffeo Cardinal Barberini,come,a decade,https://www.britannica.com/biography/Galileo-Galilei/Galileos-Copernicanism,"Publication of Il saggiatore came at an auspicious moment, for Maffeo Cardinal Barberini (1568–1644), a friend, admirer, and patron of Galileo for a decade, was named Pope Urban VIII as the book was going to press."
Maffeo Cardinal Barberini,come,Urban VIII,https://www.britannica.com/biography/Galileo-Galilei/Galileos-Copernicanism,"Publication of Il saggiatore came at an auspicious moment, for Maffeo Cardinal Barberini (1568–1644), a friend, admirer, and patron of Galileo for a decade, was named Pope Urban VIII as the book was going to press."
Galileo,come,a decade,https://www.britannica.com/biography/Galileo-Galilei/Galileos-Copernicanism,"Publication of Il saggiatore came at an auspicious moment, for Maffeo Cardinal Barberini (1568–1644), a friend, admirer, and patron of Galileo for a decade, was named Pope Urban VIII as the book was going to press."
Galileo,come,Urban VIII,https://www.britannica.com/biography/Galileo-Galilei/Galileos-Copernicanism,"Publication of Il saggiatore came at an auspicious moment, for Maffeo Cardinal Barberini (1568–1644), a friend, admirer, and patron of Galileo for a decade, was named Pope Urban VIII as the book was going to press."
a decade,come,Urban VIII,https://www.britannica.com/biography/Galileo-Galilei/Galileos-Copernicanism,"Publication of Il saggiatore came at an auspicious moment, for Maffeo Cardinal Barberini (1568–1644), a friend, admirer, and patron of Galileo for a decade, was named Pope Urban VIII as the book was going to press."
1624,go,Galileo,https://www.britannica.com/biography/Galileo-Galilei/Galileos-Copernicanism,In 1624 Galileo went to Rome and had six interviews with Urban VIII.
1624,go,Rome,https://www.britannica.com/biography/Galileo-Galilei/Galileos-Copernicanism,In 1624 Galileo went to Rome and had six interviews with Urban VIII.
1624,go,Urban VIII,https://www.britannica.com/biography/Galileo-Galilei/Galileos-Copernicanism,In 1624 Galileo went to Rome and had six interviews with Urban VIII.
Galileo,go,Rome,https://www.britannica.com/biography/Galileo-Galilei/Galileos-Copernicanism,In 1624 Galileo went to Rome and had six interviews with Urban VIII.
Galileo,go,Urban VIII,https://www.britannica.com/biography/Galileo-Galilei/Galileos-Copernicanism,In 1624 Galileo went to Rome and had six interviews with Urban VIII.
Rome,go,Urban VIII,https://www.britannica.com/biography/Galileo-Galilei/Galileos-Copernicanism,In 1624 Galileo went to Rome and had six interviews with Urban VIII.
1630,concern,Galileo,https://www.britannica.com/biography/Galileo-Galilei/Galileos-Copernicanism,"The book, Dialogo sopra i due massimi sistemi del mondo, tolemaico e copernicano (Dialogue Concerning the Two Chief World Systems, Ptolemaic & Copernican), was finished in 1630, and Galileo sent it to the Roman censor."
Florence,interrupt,Rome,https://www.britannica.com/biography/Galileo-Galilei/Galileos-Copernicanism,"Because of an outbreak of the plague, communications between Florence and Rome were interrupted, and Galileo asked for the censoring to be done instead in Florence."
Florence,interrupt,Galileo,https://www.britannica.com/biography/Galileo-Galilei/Galileos-Copernicanism,"Because of an outbreak of the plague, communications between Florence and Rome were interrupted, and Galileo asked for the censoring to be done instead in Florence."
Rome,interrupt,Galileo,https://www.britannica.com/biography/Galileo-Galilei/Galileos-Copernicanism,"Because of an outbreak of the plague, communications between Florence and Rome were interrupted, and Galileo asked for the censoring to be done instead in Florence."
Rome,interrupt,Florence,https://www.britannica.com/biography/Galileo-Galilei/Galileos-Copernicanism,"Because of an outbreak of the plague, communications between Florence and Rome were interrupted, and Galileo asked for the censoring to be done instead in Florence."
Galileo,interrupt,Florence,https://www.britannica.com/biography/Galileo-Galilei/Galileos-Copernicanism,"Because of an outbreak of the plague, communications between Florence and Rome were interrupted, and Galileo asked for the censoring to be done instead in Florence."
Galileo,write,Florence,https://www.britannica.com/biography/Galileo-Galilei/Galileos-Copernicanism,"After writing a preface in which he professed that what followed was written hypothetically, Galileo had little trouble getting the book through the Florentine censors, and it appeared in Florence in 1632."
Galileo,write,1632,https://www.britannica.com/biography/Galileo-Galilei/Galileos-Copernicanism,"After writing a preface in which he professed that what followed was written hypothetically, Galileo had little trouble getting the book through the Florentine censors, and it appeared in Florence in 1632."
Florence,write,1632,https://www.britannica.com/biography/Galileo-Galilei/Galileos-Copernicanism,"After writing a preface in which he professed that what followed was written hypothetically, Galileo had little trouble getting the book through the Florentine censors, and it appeared in Florence in 1632."
Salviati,represent,Galileo,https://www.britannica.com/biography/Galileo-Galilei/Galileos-Copernicanism,"In the Dialogue’s witty conversation between Salviati (representing Galileo), Sagredo (the intelligent layman), and Simplicio (the dyed-in-the-wool Aristotelian), Galileo gathered together all the arguments (mostly based on his own telescopic discoveries) for the Copernican theory and against the traditional geocentric cosmology."
Salviati,represent,Sagredo,https://www.britannica.com/biography/Galileo-Galilei/Galileos-Copernicanism,"In the Dialogue’s witty conversation between Salviati (representing Galileo), Sagredo (the intelligent layman), and Simplicio (the dyed-in-the-wool Aristotelian), Galileo gathered together all the arguments (mostly based on his own telescopic discoveries) for the Copernican theory and against the traditional geocentric cosmology."
Salviati,represent,Simplicio,https://www.britannica.com/biography/Galileo-Galilei/Galileos-Copernicanism,"In the Dialogue’s witty conversation between Salviati (representing Galileo), Sagredo (the intelligent layman), and Simplicio (the dyed-in-the-wool Aristotelian), Galileo gathered together all the arguments (mostly based on his own telescopic discoveries) for the Copernican theory and against the traditional geocentric cosmology."
Galileo,represent,Sagredo,https://www.britannica.com/biography/Galileo-Galilei/Galileos-Copernicanism,"In the Dialogue’s witty conversation between Salviati (representing Galileo), Sagredo (the intelligent layman), and Simplicio (the dyed-in-the-wool Aristotelian), Galileo gathered together all the arguments (mostly based on his own telescopic discoveries) for the Copernican theory and against the traditional geocentric cosmology."
Galileo,represent,Simplicio,https://www.britannica.com/biography/Galileo-Galilei/Galileos-Copernicanism,"In the Dialogue’s witty conversation between Salviati (representing Galileo), Sagredo (the intelligent layman), and Simplicio (the dyed-in-the-wool Aristotelian), Galileo gathered together all the arguments (mostly based on his own telescopic discoveries) for the Copernican theory and against the traditional geocentric cosmology."
Sagredo,represent,Simplicio,https://www.britannica.com/biography/Galileo-Galilei/Galileos-Copernicanism,"In the Dialogue’s witty conversation between Salviati (representing Galileo), Sagredo (the intelligent layman), and Simplicio (the dyed-in-the-wool Aristotelian), Galileo gathered together all the arguments (mostly based on his own telescopic discoveries) for the Copernican theory and against the traditional geocentric cosmology."
Sagredo,represent,Galileo,https://www.britannica.com/biography/Galileo-Galilei/Galileos-Copernicanism,"In the Dialogue’s witty conversation between Salviati (representing Galileo), Sagredo (the intelligent layman), and Simplicio (the dyed-in-the-wool Aristotelian), Galileo gathered together all the arguments (mostly based on his own telescopic discoveries) for the Copernican theory and against the traditional geocentric cosmology."
Simplicio,represent,Galileo,https://www.britannica.com/biography/Galileo-Galilei/Galileos-Copernicanism,"In the Dialogue’s witty conversation between Salviati (representing Galileo), Sagredo (the intelligent layman), and Simplicio (the dyed-in-the-wool Aristotelian), Galileo gathered together all the arguments (mostly based on his own telescopic discoveries) for the Copernican theory and against the traditional geocentric cosmology."
Aristotle,oppose,Galileo,https://www.britannica.com/biography/Galileo-Galilei/Galileos-Copernicanism,"As opposed to Aristotle’s, Galileo’s approach to cosmology is fundamentally spatial and geometric: Earth’s axis retains its orientation in space as Earth circles the Sun, and bodies not under a force retain their velocity (although this inertia is ultimately circular)."
Simplicio,give,Urban VIII,https://www.britannica.com/biography/Galileo-Galilei/Galileos-Copernicanism,"But in giving Simplicio the final word, that God could have made the universe any way he wanted to and still made it appear to us the way it does, he put Pope Urban VIII’s favourite argument in the mouth of the person who had been ridiculed throughout the dialogue."
Galileo,convene,Inquisition,https://www.britannica.com/biography/Galileo-Galilei/Galileos-Copernicanism,The pope convened a special commission to examine the book and make recommendations; the commission found that Galileo had not really treated the Copernican theory hypothetically and recommended that a case be brought against him by the Inquisition.
Galileo,summon,Rome,https://www.britannica.com/biography/Galileo-Galilei/Galileos-Copernicanism,Galileo was summoned to Rome in 1633.
Galileo,summon,1633,https://www.britannica.com/biography/Galileo-Galilei/Galileos-Copernicanism,Galileo was summoned to Rome in 1633.
Rome,summon,1633,https://www.britannica.com/biography/Galileo-Galilei/Galileos-Copernicanism,Galileo was summoned to Rome in 1633.
Inquisition,confront,1616,https://www.britannica.com/biography/Galileo-Galilei/Galileos-Copernicanism,"During his first appearance before the Inquisition, he was confronted with the 1616 edict recording that he was forbidden to discuss the Copernican theory."
Galileo,produce,Bellarmine,https://www.britannica.com/biography/Galileo-Galilei/Galileos-Copernicanism,"In his defense Galileo produced a letter from Cardinal Bellarmine, by then dead, stating that he was admonished only not to hold or defend the theory."
Galileo,note,Inquisition,https://www.britannica.com/biography/Galileo-Galilei/Galileos-Copernicanism,It should be noted that Galileo was never in a dungeon or tortured; during the Inquisition process he stayed mostly at the house of the Tuscan ambassador to the Vatican and for a short time in a comfortable apartment in the Inquisition building.
Galileo,note,Vatican,https://www.britannica.com/biography/Galileo-Galilei/Galileos-Copernicanism,It should be noted that Galileo was never in a dungeon or tortured; during the Inquisition process he stayed mostly at the house of the Tuscan ambassador to the Vatican and for a short time in a comfortable apartment in the Inquisition building.
Inquisition,note,Vatican,https://www.britannica.com/biography/Galileo-Galilei/Galileos-Copernicanism,It should be noted that Galileo was never in a dungeon or tortured; during the Inquisition process he stayed mostly at the house of the Tuscan ambassador to the Vatican and for a short time in a comfortable apartment in the Inquisition building.
Vatican,note,Inquisition,https://www.britannica.com/biography/Galileo-Galilei/Galileos-Copernicanism,It should be noted that Galileo was never in a dungeon or tortured; during the Inquisition process he stayed mostly at the house of the Tuscan ambassador to the Vatican and for a short time in a comfortable apartment in the Inquisition building.
Galileo,take,the centuries,https://www.britannica.com/biography/Galileo-Galilei/Galileos-Copernicanism,"(For a note on actions taken by Galileo’s defenders and by the church in the centuries since the trial, see BTW: Galileo’s condemnation.)"
the centuries,take,Galileo,https://www.britannica.com/biography/Galileo-Galilei/Galileos-Copernicanism,"(For a note on actions taken by Galileo’s defenders and by the church in the centuries since the trial, see BTW: Galileo’s condemnation.)"
six months,spend,Ascanio Piccolomini,https://www.britannica.com/biography/Galileo-Galilei/Galileos-Copernicanism,"After the process he spent six months at the palace of Ascanio Piccolomini (c. 1590–1671), the archbishop of Siena and a friend and patron, and then moved into a villa near Arcetri, in the hills above Florence."
six months,spend,c. 1590–1671),https://www.britannica.com/biography/Galileo-Galilei/Galileos-Copernicanism,"After the process he spent six months at the palace of Ascanio Piccolomini (c. 1590–1671), the archbishop of Siena and a friend and patron, and then moved into a villa near Arcetri, in the hills above Florence."
six months,spend,Siena,https://www.britannica.com/biography/Galileo-Galilei/Galileos-Copernicanism,"After the process he spent six months at the palace of Ascanio Piccolomini (c. 1590–1671), the archbishop of Siena and a friend and patron, and then moved into a villa near Arcetri, in the hills above Florence."
six months,spend,Arcetri,https://www.britannica.com/biography/Galileo-Galilei/Galileos-Copernicanism,"After the process he spent six months at the palace of Ascanio Piccolomini (c. 1590–1671), the archbishop of Siena and a friend and patron, and then moved into a villa near Arcetri, in the hills above Florence."
six months,spend,Florence,https://www.britannica.com/biography/Galileo-Galilei/Galileos-Copernicanism,"After the process he spent six months at the palace of Ascanio Piccolomini (c. 1590–1671), the archbishop of Siena and a friend and patron, and then moved into a villa near Arcetri, in the hills above Florence."
Ascanio Piccolomini,spend,c. 1590–1671),https://www.britannica.com/biography/Galileo-Galilei/Galileos-Copernicanism,"After the process he spent six months at the palace of Ascanio Piccolomini (c. 1590–1671), the archbishop of Siena and a friend and patron, and then moved into a villa near Arcetri, in the hills above Florence."
Ascanio Piccolomini,spend,Siena,https://www.britannica.com/biography/Galileo-Galilei/Galileos-Copernicanism,"After the process he spent six months at the palace of Ascanio Piccolomini (c. 1590–1671), the archbishop of Siena and a friend and patron, and then moved into a villa near Arcetri, in the hills above Florence."
Ascanio Piccolomini,spend,Arcetri,https://www.britannica.com/biography/Galileo-Galilei/Galileos-Copernicanism,"After the process he spent six months at the palace of Ascanio Piccolomini (c. 1590–1671), the archbishop of Siena and a friend and patron, and then moved into a villa near Arcetri, in the hills above Florence."
Ascanio Piccolomini,spend,Florence,https://www.britannica.com/biography/Galileo-Galilei/Galileos-Copernicanism,"After the process he spent six months at the palace of Ascanio Piccolomini (c. 1590–1671), the archbishop of Siena and a friend and patron, and then moved into a villa near Arcetri, in the hills above Florence."
c. 1590–1671),spend,Siena,https://www.britannica.com/biography/Galileo-Galilei/Galileos-Copernicanism,"After the process he spent six months at the palace of Ascanio Piccolomini (c. 1590–1671), the archbishop of Siena and a friend and patron, and then moved into a villa near Arcetri, in the hills above Florence."
c. 1590–1671),spend,Arcetri,https://www.britannica.com/biography/Galileo-Galilei/Galileos-Copernicanism,"After the process he spent six months at the palace of Ascanio Piccolomini (c. 1590–1671), the archbishop of Siena and a friend and patron, and then moved into a villa near Arcetri, in the hills above Florence."
c. 1590–1671),spend,Florence,https://www.britannica.com/biography/Galileo-Galilei/Galileos-Copernicanism,"After the process he spent six months at the palace of Ascanio Piccolomini (c. 1590–1671), the archbishop of Siena and a friend and patron, and then moved into a villa near Arcetri, in the hills above Florence."
Siena,spend,Arcetri,https://www.britannica.com/biography/Galileo-Galilei/Galileos-Copernicanism,"After the process he spent six months at the palace of Ascanio Piccolomini (c. 1590–1671), the archbishop of Siena and a friend and patron, and then moved into a villa near Arcetri, in the hills above Florence."
Siena,spend,Florence,https://www.britannica.com/biography/Galileo-Galilei/Galileos-Copernicanism,"After the process he spent six months at the palace of Ascanio Piccolomini (c. 1590–1671), the archbishop of Siena and a friend and patron, and then moved into a villa near Arcetri, in the hills above Florence."
Arcetri,spend,Florence,https://www.britannica.com/biography/Galileo-Galilei/Galileos-Copernicanism,"After the process he spent six months at the palace of Ascanio Piccolomini (c. 1590–1671), the archbishop of Siena and a friend and patron, and then moved into a villa near Arcetri, in the hills above Florence."
Italy,spirit,Leiden,https://www.britannica.com/biography/Galileo-Galilei/Galileos-Copernicanism,"The book was spirited out of Italy and published in Leiden, the Netherlands, in 1638 under the title Discorsi e dimostrazioni matematiche intorno a due nuove scienze attenenti alla meccanica (Dialogues Concerning Two New Sciences)."
Italy,spirit,Netherlands,https://www.britannica.com/biography/Galileo-Galilei/Galileos-Copernicanism,"The book was spirited out of Italy and published in Leiden, the Netherlands, in 1638 under the title Discorsi e dimostrazioni matematiche intorno a due nuove scienze attenenti alla meccanica (Dialogues Concerning Two New Sciences)."
Italy,spirit,1638,https://www.britannica.com/biography/Galileo-Galilei/Galileos-Copernicanism,"The book was spirited out of Italy and published in Leiden, the Netherlands, in 1638 under the title Discorsi e dimostrazioni matematiche intorno a due nuove scienze attenenti alla meccanica (Dialogues Concerning Two New Sciences)."
Leiden,spirit,Netherlands,https://www.britannica.com/biography/Galileo-Galilei/Galileos-Copernicanism,"The book was spirited out of Italy and published in Leiden, the Netherlands, in 1638 under the title Discorsi e dimostrazioni matematiche intorno a due nuove scienze attenenti alla meccanica (Dialogues Concerning Two New Sciences)."
Leiden,spirit,1638,https://www.britannica.com/biography/Galileo-Galilei/Galileos-Copernicanism,"The book was spirited out of Italy and published in Leiden, the Netherlands, in 1638 under the title Discorsi e dimostrazioni matematiche intorno a due nuove scienze attenenti alla meccanica (Dialogues Concerning Two New Sciences)."
Netherlands,spirit,1638,https://www.britannica.com/biography/Galileo-Galilei/Galileos-Copernicanism,"The book was spirited out of Italy and published in Leiden, the Netherlands, in 1638 under the title Discorsi e dimostrazioni matematiche intorno a due nuove scienze attenenti alla meccanica (Dialogues Concerning Two New Sciences)."
Galileo,become,Vincenzo Viviani,https://www.britannica.com/biography/Galileo-Galilei/Galileos-Copernicanism,"By then Galileo had become blind, and he spent his time working with a young student, Vincenzo Viviani, who was with him when he died on January 8, 1642."
Galileo,become,"January 8, 1642",https://www.britannica.com/biography/Galileo-Galilei/Galileos-Copernicanism,"By then Galileo had become blind, and he spent his time working with a young student, Vincenzo Viviani, who was with him when he died on January 8, 1642."
Vincenzo Viviani,become,"January 8, 1642",https://www.britannica.com/biography/Galileo-Galilei/Galileos-Copernicanism,"By then Galileo had become blind, and he spent his time working with a young student, Vincenzo Viviani, who was with him when he died on January 8, 1642."
